{
  "experiment": {
    "dataset": "S06-hw-dataset-04.csv",
    "task": "binary_classification",
    "timestamp": "2026-01-23T21:21:40.805286",
    "sklearn_version": "1.8.0",
    "split": {
      "test_size": 0.25,
      "stratified": true,
      "random_state": 42
    },
    "primary_metric": "roc_auc"
  },
  "test_metrics": {
    "DummyClassifier (stratified)": {
      "accuracy": 0.90512,
      "f1": 0.048154093097913325,
      "roc_auc": 0.499106056943789
    },
    "LogisticRegression + StandardScaler": {
      "accuracy": 0.96272,
      "f1": 0.41309823677581864,
      "roc_auc": 0.8397074049287998
    },
    "DecisionTree (tuned)": {
      "accuracy": 0.9648,
      "f1": 0.5132743362831859,
      "roc_auc": 0.7948137600363057
    },
    "RandomForest (tuned)": {
      "accuracy": 0.97024,
      "f1": 0.5674418604651162,
      "roc_auc": 0.9016437919189958
    },
    "GradientBoosting (tuned)": {
      "accuracy": 0.97264,
      "f1": 0.6827458256029685,
      "roc_auc": 0.8991357088869779
    },
    "StackingClassifier": {
      "accuracy": 0.97856,
      "f1": 0.7362204724409449,
      "roc_auc": 0.8959501803506823
    }
  },
  "best_model": {
    "name": "RandomForest (tuned)",
    "selected_by": "roc_auc"
  }
}